Name,Surname,Initial,Age,"Date Of Birth"
Shirley,Harris,S,71,1950/03/23
Reed,Harris,R,19,2003/02/01
Theresa,Diaz,T,71,1950/01/08
Campbell,Wanda,C,85,1937/09/06
Butler,Stephen,B,22,2000/12/14
Shirley,Wanda,S,29,1993/01/19
Bruce,Harris,B,83,1939/09/16
Patterson,Stephen,P,31,1990/08/10
Carolyn,Diaz,C,22,1999/05/21
Randy,Scott,R,33,1988/09/10
Randy,Debra,R,79,1943/01/25
Carolyn,Clark,C,24,1997/03/12
Ernest,Ruth,E,80,1942/07/14
Shirley,Jackson,S,76,1946/08/25
Theresa,Amanda,T,74,1947/11/24
Jesse,Allen,J,72,1950/07/16
Shirley,Ruth,S,53,1968/04/08
Shirley,Clark,S,46,1976/01/13
Reed,Roberts,R,52,1969/11/21
Walker,Teresa,W,38,1983/07/24
Reed,Thomas,R,88,1933/06/23
Randy,Jean,R,55,1967/03/26
Frank,Jean,F,28,1994/09/17
Patterson,Wanda,P,70,1951/05/11
Shirley,Wanda,S,33,1988/04/20
Cook,Allen,C,27,1994/10/11
Jesse,Diaz,J,89,1933/11/02
Simmons,Wanda,S,72,1950/04/26
Henry,Clark,H,58,1963/11/21
Randy,Diaz,R,40,1982/04/06
Shirley,Alexander,S,54,1968/03/15
Michelle,Teresa,M,74,1948/05/02
Ernest,Harris,E,23,1998/02/23
Henry,Jackson,H,20,2002/03/06
Patterson,Alexander,P,44,1977/02/23
Bruce,Alexander,B,82,1940/11/03
Shirley,Clark,S,53,1969/04/15
Albert,Long,A,63,1958/11/21
Reed,Long,R,54,1968/04/16
Cook,Amanda,C,44,1977/05/24
Jesse,Debra,J,59,1963/11/06
Rogers,Scott,R,72,1950/07/18
Michelle,Debra,M,47,1975/06/13
Frank,Gerald,F,49,1973/03/02
Walker,Jackson,W,64,1958/10/18
Michelle,Gerald,M,18,2004/02/13
Henry,Harris,H,74,1948/08/04
Michelle,Scott,M,30,1992/07/17
Carolyn,Amanda,C,49,1972/12/21
Perry,Clark,P,51,1970/10/21
Cook,Jackson,C,24,1998/01/07
Campbell,Harris,C,47,1975/01/02
Frank,Amanda,F,79,1943/08/01
Ernest,Ruth,E,41,1981/04/07
Butler,Eric,B,28,1994/10/03
Carolyn,Ralph,C,51,1971/03/13
Albert,Wanda,A,20,2002/04/17
Frank,Stephen,F,74,1948/12/18
Shirley,Alexander,S,55,1967/12/15
Campbell,Gerald,C,21,2001/05/05
Butler,Allen,B,88,1934/07/06
Henry,Allen,H,59,1963/04/13
Randy,Ruth,R,87,1935/07/02
Rogers,Jean,R,43,1979/06/17
Randy,Ralph,R,20,2002/04/18
Albert,Jean,A,22,1999/11/21
Michelle,Ralph,M,51,1970/05/23
Perry,Gerald,P,29,1993/05/13
Butler,Wanda,B,61,1960/06/24
Perry,Gerald,P,56,1966/08/30
Frank,Scott,F,42,1980/01/15
Campbell,Stephen,C,63,1959/01/04
Walker,Alexander,W,53,1969/12/06
Campbell,Harris,C,46,1975/11/19
Cook,Diaz,C,87,1935/08/16
Campbell,Ralph,C,40,1981/09/08
Frank,Gerald,F,80,1942/01/13
Jesse,Long,J,86,1936/05/16
Cook,Teresa,C,81,1941/03/14
Walker,Debra,W,58,1963/03/20
Randy,Stephen,R,87,1935/07/28
Carolyn,Alexander,C,38,1984/09/29
Rogers,Scott,R,40,1982/04/14
Randy,Thomas,R,56,1966/05/02
Walker,Allen,W,50,1972/01/27
Henry,Harris,H,69,1953/04/29
Theresa,Ruth,T,58,1964/11/26
Perry,Alexander,P,18,2004/05/26
Simmons,Wanda,S,85,1936/08/12
Michelle,Scott,M,59,1962/09/20
Reed,Allen,R,55,1967/01/25
Michelle,Clark,M,18,2004/02/02
Butler,Amanda,B,28,1994/09/01
Rogers,Gerald,R,33,1988/10/31
Albert,Amanda,A,58,1963/05/07
Walker,Jean,W,29,1993/11/15
Michelle,Long,M,56,1966/01/04
Randy,Jackson,R,79,1942/09/24
Patterson,Gerald,P,61,1960/09/21
Carolyn,Long,C,41,1981/12/17
Patterson,Wanda,P,66,1956/12/26
Walker,Jean,W,57,1965/02/06
Henry,Long,H,22,2000/11/01
Michelle,Roberts,M,73,1948/05/12
Simmons,Harris,S,54,1967/11/23
Michelle,Ralph,M,39,1982/03/23
Shirley,Gerald,S,73,1948/12/11
Frank,Diaz,F,70,1951/04/23
Ernest,Long,E,28,1994/03/02
Walker,Eric,W,41,1981/04/13
Campbell,Amanda,C,68,1953/01/11
Randy,Eric,R,72,1949/08/21
Bruce,Thomas,B,75,1946/08/09
Michelle,Harris,M,32,1989/10/19
Shirley,Clark,S,20,2002/06/17
Butler,Amanda,B,42,1979/12/23
Bruce,Stephen,B,67,1955/04/13
Simmons,Long,S,57,1965/10/30
Patterson,Harris,P,22,2000/11/28
Carolyn,Stephen,C,28,1993/04/23
Reed,Long,R,55,1967/08/02
Carolyn,Debra,C,76,1945/02/21
Bruce,Clark,B,21,2000/10/22
Frank,Jean,F,43,1979/10/13
Walker,Jackson,W,48,1973/05/07
Patterson,Gerald,P,36,1985/08/23
Simmons,Clark,S,79,1943/07/25
Shirley,Harris,S,28,1994/07/30
Bruce,Jackson,B,74,1947/02/12
Ernest,Roberts,E,44,1977/08/07
Shirley,Alexander,S,51,1970/11/11
Frank,Gerald,F,75,1947/01/26
Walker,Diaz,W,33,1989/06/27
Cook,Long,C,79,1942/02/24
Simmons,Wanda,S,73,1949/02/15
Carolyn,Alexander,C,58,1964/10/16
Campbell,Ralph,C,38,1983/07/21
Theresa,Long,T,23,1998/12/24
Henry,Diaz,H,83,1939/12/01
Reed,Gerald,R,77,1944/09/10
Bruce,Gerald,B,80,1942/03/31
Randy,Jean,R,65,1957/11/14
Frank,Scott,F,70,1952/09/16
Theresa,Allen,T,48,1973/07/10
Henry,Scott,H,42,1979/06/11
Frank,Allen,F,60,1962/08/28
Michelle,Gerald,M,85,1937/01/04
Cook,Scott,C,61,1961/08/29
Simmons,Jean,S,70,1951/07/22
Theresa,Alexander,T,77,1945/04/17
Michelle,Eric,M,80,1942/05/17
Frank,Wanda,F,69,1952/06/22
Shirley,Teresa,S,47,1974/08/09
Jesse,Debra,J,25,1996/09/11
Carolyn,Ruth,C,18,2003/02/23
Campbell,Ruth,C,58,1963/05/11
Butler,Wanda,B,35,1986/08/19
Simmons,Ralph,S,81,1940/07/11
Michelle,Debra,M,80,1942/12/17
Perry,Clark,P,30,1991/05/21
Simmons,Debra,S,32,1990/07/25
Rogers,Long,R,60,1962/06/06
Randy,Thomas,R,63,1959/11/14
Henry,Wanda,H,33,1988/06/24
Walker,Allen,W,35,1987/04/25
Carolyn,Thomas,C,49,1973/09/17
Rogers,Diaz,R,85,1937/09/30
Ernest,Wanda,E,35,1987/06/27
Cook,Gerald,C,60,1961/10/31
Frank,Jean,F,71,1951/08/29
Perry,Jean,P,59,1962/05/19
Frank,Jean,F,34,1988/01/02
Rogers,Harris,R,43,1978/01/08
Theresa,Eric,T,31,1991/07/18
Simmons,Amanda,S,52,1970/02/28
Walker,Debra,W,77,1944/10/12
Butler,Roberts,B,61,1960/07/08
Carolyn,Ralph,C,38,1984/05/03
Patterson,Stephen,P,31,1991/03/29
Albert,Debra,A,83,1938/06/11
Frank,Long,F,34,1987/10/20
Reed,Clark,R,53,1969/05/15
Theresa,Ruth,T,69,1952/02/09
Frank,Diaz,F,35,1986/04/10
Rogers,Diaz,R,54,1968/06/15
Michelle,Jean,M,83,1938/01/09
Cook,Alexander,C,50,1971/07/21
Michelle,Roberts,M,86,1936/06/01
Perry,Diaz,P,33,1988/04/21
Campbell,Diaz,C,45,1976/08/23
Frank,Debra,F,32,1989/05/11
Campbell,Ralph,C,70,1952/01/30
Simmons,Eric,S,69,1953/03/01
Perry,Teresa,P,31,1991/02/05
Frank,Harris,F,43,1979/06/26
Rogers,Jean,R,40,1982/01/28
Carolyn,Amanda,C,42,1979/10/23
Henry,Jean,H,34,1988/09/03
Henry,Thomas,H,89,1933/02/05
Walker,Stephen,W,54,1968/11/05
Bruce,Eric,B,76,1946/10/30
Walker,Jean,W,53,1969/02/27
Albert,Ralph,A,70,1952/03/27
Rogers,Jean,R,74,1948/07/28
Randy,Eric,R,30,1991/06/08
Butler,Stephen,B,58,1964/06/18
Walker,Gerald,W,37,1984/11/23
Rogers,Ruth,R,81,1941/10/27
Theresa,Thomas,T,74,1948/01/18
Campbell,Scott,C,51,1970/10/31
Cook,Stephen,C,46,1976/02/19
Ernest,Allen,E,55,1967/07/18
Theresa,Stephen,T,19,2002/01/08
Randy,Ralph,R,84,1938/12/28
Walker,Amanda,W,55,1967/01/27
Butler,Long,B,22,2000/04/13
Shirley,Ruth,S,85,1936/01/11
Michelle,Roberts,M,36,1985/07/11
Jesse,Jackson,J,25,1996/04/24
Ernest,Scott,E,29,1992/02/10
Patterson,Gerald,P,83,1939/08/03
Henry,Ralph,H,43,1979/03/29
Butler,Thomas,B,54,1967/06/19
Simmons,Ralph,S,62,1959/09/21
Theresa,Wanda,T,26,1995/05/12
Cook,Eric,C,32,1989/07/12
Walker,Eric,W,60,1962/08/15
Cook,Roberts,C,74,1948/01/04
Butler,Harris,B,63,1959/10/13
Reed,Alexander,R,90,1932/10/28
Michelle,Ruth,M,34,1988/07/18
Butler,Diaz,B,50,1972/05/05
Frank,Scott,F,63,1959/04/04
Shirley,Debra,S,60,1962/01/13
Reed,Roberts,R,75,1947/08/04
Simmons,Wanda,S,61,1961/09/28
Carolyn,Wanda,C,36,1985/04/22
Butler,Diaz,B,18,2004/05/27
Rogers,Teresa,R,46,1975/05/20
Campbell,Eric,C,67,1955/07/02
Simmons,Allen,S,31,1991/04/16
Perry,Jackson,P,74,1948/10/25
Reed,Thomas,R,89,1932/11/22
Carolyn,Diaz,C,28,1994/05/03
Jesse,Diaz,J,71,1951/10/14
Shirley,Gerald,S,70,1952/04/15
Reed,Jackson,R,89,1932/10/09
Michelle,Alexander,M,39,1982/02/21
Perry,Allen,P,47,1975/04/30
Simmons,Allen,S,69,1953/04/16
Randy,Ralph,R,80,1941/11/12
Reed,Teresa,R,21,2000/01/20
Jesse,Stephen,J,70,1952/05/17
Jesse,Allen,J,89,1933/10/27
Reed,Harris,R,89,1933/07/27
Butler,Amanda,B,51,1971/02/25
Walker,Harris,W,56,1966/09/17
Patterson,Ralph,P,51,1970/12/19
Carolyn,Alexander,C,87,1935/07/04
Patterson,Clark,P,53,1969/06/30
Campbell,Alexander,C,72,1949/12/12
Frank,Stephen,F,23,1999/12/18
Albert,Long,A,63,1959/04/03
Ernest,Harris,E,34,1987/07/20
Shirley,Allen,S,28,1993/03/24
Michelle,Diaz,M,57,1965/05/16
Reed,Harris,R,89,1933/02/01
Simmons,Ralph,S,38,1984/09/15
Henry,Debra,H,80,1941/05/31
Cook,Eric,C,39,1982/07/07
Campbell,Alexander,C,81,1941/09/03
Henry,Debra,H,46,1976/01/07
Theresa,Ruth,T,69,1953/07/15
Shirley,Amanda,S,60,1961/08/09
Perry,Clark,P,38,1984/11/29
Butler,Ruth,B,77,1944/04/12
Walker,Jean,W,80,1942/11/26
Shirley,Scott,S,80,1942/10/02
Carolyn,Alexander,C,83,1939/09/14
Walker,Jean,W,88,1934/05/02
Jesse,Gerald,J,67,1954/01/08
Perry,Roberts,P,83,1938/01/21
Reed,Ralph,R,90,1932/10/04
Henry,Jackson,H,52,1970/04/06
Patterson,Wanda,P,18,2004/06/06
Cook,Alexander,C,79,1943/06/18
Butler,Roberts,B,43,1979/12/01
Walker,Alexander,W,50,1971/07/21
Simmons,Diaz,S,85,1936/01/09
Butler,Thomas,B,40,1982/01/13
Michelle,Ruth,M,25,1996/07/12
Henry,Scott,H,54,1967/06/22
Reed,Clark,R,30,1991/07/19
Patterson,Alexander,P,56,1966/04/29
Perry,Amanda,P,65,1957/04/05
Randy,Jackson,R,77,1945/06/28
Ernest,Jackson,E,57,1964/01/23
Butler,Eric,B,50,1971/05/31
Michelle,Clark,M,88,1933/06/07
Randy,Diaz,R,66,1956/01/18
Jesse,Long,J,18,2003/05/31
Michelle,Roberts,M,44,1977/01/10
Perry,Teresa,P,46,1975/04/24
Patterson,Teresa,P,65,1956/02/23
Jesse,Harris,J,25,1996/02/23
Reed,Ruth,R,37,1984/07/24
Perry,Scott,P,45,1977/01/16
Carolyn,Clark,C,70,1952/06/13
Cook,Ruth,C,86,1936/07/25
Randy,Diaz,R,30,1991/03/21
Albert,Thomas,A,80,1942/11/13
Patterson,Harris,P,69,1953/07/14
Walker,Teresa,W,63,1958/05/10
Michelle,Thomas,M,72,1949/03/10
Rogers,Eric,R,80,1941/05/12
Jesse,Roberts,J,21,2001/04/18
Bruce,Teresa,B,80,1941/05/10
Jesse,Roberts,J,76,1946/08/05
Albert,Scott,A,86,1935/08/09
Randy,Ralph,R,79,1943/04/02
Michelle,Ralph,M,84,1937/05/31
Walker,Alexander,W,66,1956/12/27
Cook,Diaz,C,45,1977/06/13
Walker,Ralph,W,46,1976/09/02
Theresa,Ralph,T,45,1976/09/08
Albert,Harris,A,51,1970/08/24
Perry,Debra,P,89,1932/11/23
Rogers,Eric,R,45,1977/12/03
Cook,Ruth,C,34,1988/05/17
Campbell,Stephen,C,54,1967/09/12
Walker,Alexander,W,25,1997/06/28
Butler,Roberts,B,47,1975/05/28
Patterson,Ralph,P,55,1966/07/10
Michelle,Roberts,M,29,1993/02/06
Albert,Jean,A,25,1997/12/14
Walker,Jean,W,18,2004/06/15
Shirley,Jackson,S,34,1988/03/02
Walker,Eric,W,38,1984/12/04
Shirley,Gerald,S,21,2001/04/07
Reed,Alexander,R,23,1998/01/08
Frank,Allen,F,30,1992/02/19
Michelle,Thomas,M,59,1963/05/25
Carolyn,Wanda,C,49,1973/07/25
Patterson,Gerald,P,27,1995/10/02
Cook,Debra,C,75,1947/12/18
Reed,Wanda,R,68,1953/04/22
Walker,Thomas,W,28,1994/05/04
Ernest,Gerald,E,65,1957/05/13
Ernest,Jean,E,24,1998/02/18
Butler,Scott,B,68,1953/07/20
Walker,Gerald,W,86,1936/05/28
Rogers,Wanda,R,68,1953/01/11
Albert,Amanda,A,44,1977/06/22
Shirley,Roberts,S,35,1987/10/30
Rogers,Stephen,R,59,1963/01/07
Butler,Alexander,B,85,1937/01/15
Ernest,Amanda,E,24,1997/11/20
Carolyn,Teresa,C,75,1947/07/29
Bruce,Roberts,B,88,1934/01/15
Michelle,Scott,M,46,1975/02/12
Rogers,Long,R,38,1983/10/07
Cook,Ruth,C,88,1934/07/14
Butler,Thomas,B,75,1946/06/11
Randy,Roberts,R,64,1958/07/25
Bruce,Jackson,B,79,1943/08/17
Ernest,Long,E,63,1959/04/15
Simmons,Long,S,29,1993/09/30
Theresa,Roberts,T,87,1935/07/01
Frank,Eric,F,72,1949/05/08
Bruce,Teresa,B,86,1936/11/25
Randy,Roberts,R,69,1953/02/06
Rogers,Alexander,R,78,1943/07/31
Simmons,Jean,S,56,1965/01/20
Michelle,Alexander,M,40,1981/09/22
Albert,Diaz,A,49,1973/03/07
Butler,Diaz,B,24,1998/01/14
Henry,Amanda,H,54,1967/02/20
Walker,Gerald,W,26,1995/12/08
Randy,Ruth,R,23,1998/10/31
Michelle,Clark,M,80,1942/07/13
Perry,Stephen,P,28,1994/04/07
Michelle,Jean,M,52,1970/11/03
Bruce,Wanda,B,69,1952/08/21
Henry,Thomas,H,35,1987/08/05
Walker,Jackson,W,69,1953/06/06
Michelle,Long,M,61,1961/07/30
Perry,Allen,P,37,1985/06/01
Bruce,Wanda,B,76,1946/02/25
Ernest,Stephen,E,55,1966/10/20
Randy,Gerald,R,78,1943/11/11
Butler,Alexander,B,53,1968/07/07
Butler,Stephen,B,62,1960/09/30
Simmons,Diaz,S,61,1961/05/16
Reed,Diaz,R,58,1963/06/12
Perry,Wanda,P,79,1943/05/26
Shirley,Ruth,S,48,1973/08/07
Jesse,Ralph,J,63,1959/08/01
Carolyn,Teresa,C,68,1953/11/21
Walker,Clark,W,71,1951/10/15
Carolyn,Allen,C,28,1993/07/24
Rogers,Eric,R,44,1977/02/20
Cook,Roberts,C,88,1934/08/27
Randy,Harris,R,30,1991/06/08
Simmons,Diaz,S,21,2000/02/09
Michelle,Allen,M,69,1952/08/21
Carolyn,Debra,C,78,1944/06/01
Frank,Harris,F,26,1995/03/23
Bruce,Ruth,B,66,1955/11/08
Butler,Roberts,B,89,1933/10/02
Butler,Harris,B,72,1950/01/28
Butler,Gerald,B,54,1967/01/22
Butler,Thomas,B,26,1996/01/14
Patterson,Ruth,P,85,1936/08/31
Perry,Thomas,P,70,1952/09/01
Campbell,Clark,C,27,1994/10/08
Shirley,Jackson,S,39,1983/09/27
Ernest,Thomas,E,40,1982/03/25
Randy,Jean,R,42,1980/09/03
Ernest,Jean,E,19,2002/02/23
Butler,Alexander,B,53,1969/09/03
Frank,Harris,F,68,1954/03/27
Butler,Stephen,B,32,1989/06/11
Walker,Jean,W,85,1936/01/12
Jesse,Stephen,J,86,1936/04/27
Ernest,Jean,E,86,1935/10/31
Campbell,Wanda,C,31,1991/06/17
Bruce,Roberts,B,75,1946/08/12
Theresa,Debra,T,35,1986/01/08
Shirley,Allen,S,86,1935/11/19
Walker,Ralph,W,35,1986/01/22
Carolyn,Stephen,C,48,1974/10/14
Bruce,Diaz,B,39,1982/08/08
Campbell,Debra,C,22,1999/10/10
Carolyn,Jean,C,44,1977/05/12
Campbell,Alexander,C,80,1942/04/16
Shirley,Jackson,S,67,1955/08/30
Michelle,Ruth,M,34,1988/04/01
Cook,Jean,C,59,1963/09/13
Rogers,Teresa,R,59,1963/01/01
Perry,Long,P,29,1993/05/02
Theresa,Thomas,T,49,1973/04/19
Walker,Diaz,W,35,1987/08/27
Simmons,Eric,S,56,1966/01/29
Ernest,Ruth,E,76,1946/10/25
Rogers,Jackson,R,18,2003/08/21
Albert,Allen,A,66,1956/02/18
Shirley,Thomas,S,52,1970/04/16
Reed,Jean,R,82,1939/10/23
Theresa,Scott,T,31,1991/12/29
Walker,Jean,W,59,1962/05/20
Ernest,Harris,E,87,1935/03/25
Walker,Long,W,79,1942/01/22
Carolyn,Diaz,C,77,1945/03/28
Bruce,Scott,B,56,1965/11/09
Perry,Gerald,P,34,1987/02/09
Shirley,Wanda,S,73,1949/01/31
Shirley,Stephen,S,37,1985/09/18
Perry,Gerald,P,89,1933/09/02
Walker,Scott,W,84,1937/12/08
Cook,Teresa,C,66,1955/11/07
Simmons,Debra,S,32,1989/06/19
Theresa,Allen,T,72,1949/02/09
Michelle,Ruth,M,69,1953/06/17
Rogers,Diaz,R,83,1939/06/17
Perry,Eric,P,23,1999/10/15
Perry,Gerald,P,58,1964/05/16
Simmons,Stephen,S,84,1938/03/07
Frank,Stephen,F,76,1946/10/29
Butler,Long,B,57,1965/11/01
Jesse,Roberts,J,72,1949/12/09
Henry,Alexander,H,70,1952/09/25
Frank,Jackson,F,44,1978/09/26
Butler,Allen,B,65,1957/05/18
Ernest,Jackson,E,35,1986/07/24
Ernest,Harris,E,77,1944/01/24
Rogers,Alexander,R,54,1967/07/20
Albert,Allen,A,30,1991/05/07
Reed,Teresa,R,65,1957/01/31
Patterson,Gerald,P,21,2001/05/26
Jesse,Allen,J,49,1972/01/09
Michelle,Harris,M,39,1983/06/03
Patterson,Scott,P,33,1988/09/09
Campbell,Scott,C,36,1985/11/07
Michelle,Debra,M,79,1943/12/05
Cook,Roberts,C,51,1970/10/31
Henry,Roberts,H,44,1977/04/12
Rogers,Clark,R,28,1993/02/12
Randy,Harris,R,54,1968/09/04
Albert,Stephen,A,63,1959/07/13
Randy,Scott,R,34,1987/02/12
Bruce,Jackson,B,73,1949/04/29
Cook,Clark,C,45,1977/09/02
Reed,Allen,R,74,1948/06/27
Walker,Wanda,W,87,1935/04/13
Ernest,Debra,E,43,1979/09/25
Henry,Debra,H,27,1995/11/05
Reed,Wanda,R,32,1989/10/11
Carolyn,Scott,C,21,2000/01/22
Randy,Ruth,R,68,1953/02/23
Rogers,Alexander,R,83,1938/02/20
Walker,Allen,W,67,1955/01/16
Frank,Ralph,F,73,1948/03/08
Jesse,Thomas,J,69,1952/10/19
Randy,Ralph,R,61,1960/02/11
Jesse,Stephen,J,17,2004/05/19
Bruce,Roberts,B,23,1998/05/12
Butler,Clark,B,24,1997/05/20
Michelle,Teresa,M,62,1960/12/25
Michelle,Jean,M,84,1937/02/09
Patterson,Teresa,P,83,1939/06/28
Shirley,Allen,S,52,1970/02/27
Theresa,Long,T,49,1973/06/05
Carolyn,Jean,C,20,2001/02/21
Bruce,Jean,B,79,1942/11/21
Albert,Alexander,A,88,1934/06/28
Bruce,Amanda,B,68,1954/11/27
Ernest,Eric,E,84,1938/05/02
Reed,Debra,R,79,1942/12/12
Simmons,Ralph,S,84,1938/06/15
Michelle,Allen,M,71,1951/03/30
Patterson,Diaz,P,19,2003/11/17
Cook,Wanda,C,35,1986/06/19
Jesse,Gerald,J,33,1989/12/30
Campbell,Gerald,C,67,1955/03/01
Simmons,Roberts,S,80,1941/05/11
Bruce,Eric,B,77,1944/07/07
Perry,Jean,P,28,1994/12/26
Reed,Stephen,R,84,1938/01/19
Butler,Harris,B,78,1943/11/10
Patterson,Alexander,P,54,1968/08/26
Shirley,Gerald,S,23,1999/01/14
Simmons,Ruth,S,38,1984/08/17
Shirley,Scott,S,49,1972/05/08
Bruce,Ralph,B,66,1955/07/19
Ernest,Roberts,E,75,1946/11/11
Randy,Wanda,R,77,1945/05/28
Bruce,Stephen,B,50,1972/02/19
Shirley,Diaz,S,68,1953/05/22
Patterson,Roberts,P,65,1956/09/07
Patterson,Roberts,P,29,1992/01/20
Reed,Wanda,R,26,1996/11/04
Ernest,Gerald,E,21,2001/07/13
Ernest,Stephen,E,37,1985/09/03
Randy,Jean,R,71,1950/05/22
Theresa,Harris,T,80,1941/09/08
Rogers,Harris,R,42,1979/10/23
Bruce,Clark,B,86,1935/02/09
Cook,Ralph,C,80,1942/04/07
Cook,Clark,C,22,2000/02/16
Perry,Harris,P,82,1940/05/16
Rogers,Allen,R,80,1942/01/03
Ernest,Long,E,87,1934/08/08
Carolyn,Roberts,C,76,1946/06/25
Campbell,Amanda,C,40,1981/10/10
Frank,Teresa,F,69,1953/08/25
Butler,Thomas,B,44,1978/04/30
Perry,Long,P,62,1960/11/04
Bruce,Stephen,B,67,1954/08/10
Butler,Stephen,B,19,2003/01/14
Albert,Ralph,A,19,2003/08/15
Jesse,Stephen,J,55,1967/01/25
Michelle,Amanda,M,62,1959/05/12
Rogers,Harris,R,35,1987/08/27
Perry,Debra,P,28,1993/04/08
Albert,Eric,A,56,1966/02/03
Walker,Jean,W,55,1967/06/26
Theresa,Jackson,T,78,1943/01/08
Albert,Jean,A,50,1972/09/02
Butler,Jean,B,80,1941/03/09
Walker,Ruth,W,41,1981/09/25
Jesse,Eric,J,40,1982/04/16
Rogers,Jean,R,52,1969/06/20
Walker,Harris,W,41,1980/10/07
Patterson,Roberts,P,58,1964/08/14
Walker,Wanda,W,86,1936/03/15
Randy,Wanda,R,48,1973/02/22
Jesse,Teresa,J,56,1966/08/02
Rogers,Ruth,R,69,1953/08/29
Cook,Roberts,C,63,1958/02/08
Frank,Scott,F,87,1934/08/12
Michelle,Wanda,M,24,1997/05/31
Randy,Ralph,R,32,1990/03/05
Ernest,Ralph,E,19,2002/03/11
Randy,Roberts,R,43,1979/04/03
Jesse,Amanda,J,72,1950/01/16
Randy,Wanda,R,62,1959/10/11
Cook,Eric,C,40,1981/09/07
Rogers,Debra,R,38,1983/01/22
Shirley,Allen,S,38,1984/06/16
Bruce,Thomas,B,28,1994/08/29
Michelle,Ruth,M,53,1969/05/13
Perry,Eric,P,58,1963/01/21
Rogers,Eric,R,36,1986/06/29
Simmons,Harris,S,70,1952/08/27
Simmons,Wanda,S,54,1967/10/09
Albert,Eric,A,56,1965/05/24
Frank,Ralph,F,74,1947/08/21
Butler,Ralph,B,28,1993/05/11
Randy,Long,R,84,1938/11/15
Ernest,Stephen,E,44,1978/09/02
Carolyn,Gerald,C,27,1995/02/17
Ernest,Jean,E,74,1947/01/12
Ernest,Debra,E,30,1992/08/30
Campbell,Scott,C,65,1956/11/23
Frank,Long,F,85,1936/05/09
Patterson,Long,P,70,1951/02/23
Reed,Roberts,R,65,1957/02/02
Patterson,Thomas,P,52,1969/02/11
Jesse,Amanda,J,54,1968/07/16
Frank,Amanda,F,87,1934/06/19
Theresa,Teresa,T,24,1997/03/09
Jesse,Jackson,J,40,1982/11/27
Shirley,Roberts,S,29,1993/09/14
Walker,Debra,W,52,1969/08/11
Henry,Roberts,H,74,1948/05/15
Butler,Scott,B,57,1964/04/24
Frank,Debra,F,47,1974/05/19
Patterson,Gerald,P,77,1944/10/31
Rogers,Ruth,R,55,1967/02/06
Jesse,Debra,J,33,1988/01/24
Ernest,Ralph,E,35,1987/04/28
Reed,Jean,R,73,1949/04/01
Albert,Jackson,A,80,1942/01/15
Rogers,Diaz,R,22,2000/04/30
Shirley,Alexander,S,90,1932/09/06
Rogers,Thomas,R,34,1987/11/20
Patterson,Roberts,P,24,1997/09/08
Reed,Amanda,R,61,1960/05/23
Campbell,Scott,C,59,1963/07/18
Perry,Ruth,P,70,1952/03/31
Theresa,Jean,T,79,1943/07/17
Randy,Scott,R,19,2002/01/10
Ernest,Jean,E,76,1946/11/02
Simmons,Gerald,S,51,1971/01/28
Perry,Gerald,P,45,1977/12/27
Ernest,Wanda,E,60,1961/05/31
Bruce,Scott,B,83,1939/05/26
Perry,Gerald,P,37,1985/03/31
Cook,Amanda,C,20,2001/09/19
Reed,Ralph,R,34,1988/09/02
Walker,Diaz,W,43,1978/06/19
Jesse,Harris,J,52,1970/05/28
Shirley,Long,S,71,1950/06/09
Michelle,Thomas,M,44,1977/07/11
Randy,Eric,R,28,1993/12/22
Bruce,Allen,B,50,1971/09/23
Henry,Stephen,H,36,1985/09/22
Cook,Ralph,C,81,1941/03/16
Theresa,Clark,T,65,1957/05/18
Butler,Diaz,B,34,1988/10/15
Campbell,Debra,C,35,1987/11/04
Walker,Diaz,W,56,1966/10/15
Ernest,Alexander,E,88,1934/06/29
Rogers,Clark,R,41,1981/10/06
Michelle,Jackson,M,66,1956/04/18
Reed,Scott,R,20,2002/02/19
Butler,Roberts,B,78,1944/07/01
Walker,Ralph,W,81,1940/03/09
Theresa,Long,T,37,1985/05/15
Ernest,Debra,E,84,1937/08/19
Walker,Wanda,W,69,1953/12/25
Perry,Jackson,P,72,1950/05/13
Shirley,Ruth,S,64,1957/10/12
Shirley,Debra,S,64,1957/11/11
Frank,Alexander,F,89,1933/05/04
Cook,Harris,C,47,1975/03/04
Shirley,Diaz,S,51,1971/10/16
Patterson,Stephen,P,67,1955/10/25
Michelle,Long,M,54,1968/11/04
Simmons,Jean,S,45,1976/03/20
Bruce,Roberts,B,60,1962/05/05
Bruce,Roberts,B,50,1972/10/26
Michelle,Stephen,M,25,1996/02/11
Patterson,Amanda,P,62,1959/11/12
Theresa,Long,T,28,1994/03/31
Walker,Amanda,W,71,1950/11/22
Reed,Clark,R,68,1954/08/02
Henry,Ruth,H,71,1951/08/13
Reed,Gerald,R,57,1965/09/13
Carolyn,Allen,C,43,1979/09/14
Shirley,Gerald,S,85,1937/08/14
Simmons,Gerald,S,48,1974/09/01
Walker,Stephen,W,74,1947/01/22
Theresa,Ruth,T,81,1941/01/01
Carolyn,Jean,C,56,1965/06/11
Reed,Scott,R,20,2001/04/09
Jesse,Jackson,J,77,1945/05/18
Butler,Eric,B,23,1998/03/08
Theresa,Wanda,T,58,1964/04/04
Walker,Ralph,W,77,1945/10/02
Henry,Allen,H,64,1958/08/28
Jesse,Ruth,J,44,1978/03/31
Perry,Debra,P,74,1948/09/25
Campbell,Gerald,C,43,1979/05/14
Reed,Clark,R,27,1994/09/11
Campbell,Jackson,C,25,1996/04/23
Butler,Diaz,B,58,1964/05/29
Rogers,Jackson,R,89,1932/11/08
Ernest,Roberts,E,61,1960/03/09
Theresa,Teresa,T,57,1965/07/03
Theresa,Eric,T,77,1944/04/08
Shirley,Debra,S,67,1955/08/14
Reed,Eric,R,63,1959/09/04
Simmons,Jackson,S,55,1966/12/24
Michelle,Scott,M,72,1949/10/09
Perry,Eric,P,29,1992/07/12
Walker,Thomas,W,25,1997/03/14
Bruce,Stephen,B,45,1976/11/23
Perry,Thomas,P,50,1972/05/26
Ernest,Ruth,E,56,1965/09/12
Cook,Long,C,88,1933/06/21
Henry,Alexander,H,70,1951/11/09
Perry,Eric,P,41,1980/06/10
Reed,Amanda,R,77,1945/01/07
Randy,Harris,R,39,1983/03/28
Walker,Stephen,W,61,1961/01/31
Michelle,Ruth,M,21,2001/06/06
Walker,Clark,W,80,1942/06/13
Carolyn,Allen,C,69,1952/10/08
Rogers,Wanda,R,30,1992/06/29
Perry,Alexander,P,46,1975/09/12
Rogers,Ralph,R,86,1935/07/12
Reed,Clark,R,79,1942/05/21
Rogers,Ruth,R,77,1945/09/13
Bruce,Gerald,B,54,1968/01/13
Jesse,Clark,J,67,1955/03/28
Henry,Long,H,72,1949/08/21
Walker,Teresa,W,20,2001/04/20
Campbell,Stephen,C,21,2001/12/04
Campbell,Alexander,C,68,1953/02/10
Albert,Eric,A,83,1939/02/04
Butler,Jackson,B,52,1969/02/08
Perry,Harris,P,22,2000/11/26
Jesse,Thomas,J,67,1954/11/08
Rogers,Amanda,R,82,1939/03/21
Carolyn,Stephen,C,33,1989/08/05
Shirley,Amanda,S,64,1957/09/23
Bruce,Ralph,B,68,1954/03/05
Cook,Wanda,C,25,1997/07/18
Michelle,Clark,M,20,2002/03/05
Campbell,Alexander,C,61,1961/05/05
Shirley,Eric,S,72,1950/03/28
Reed,Debra,R,26,1995/02/08
Patterson,Wanda,P,88,1934/01/14
Theresa,Amanda,T,50,1971/08/23
Bruce,Jackson,B,30,1991/05/09
Frank,Allen,F,51,1970/08/20
Campbell,Eric,C,18,2003/07/12
Jesse,Gerald,J,69,1953/03/13
Walker,Long,W,35,1987/12/17
Henry,Eric,H,58,1964/06/04
Theresa,Jean,T,24,1998/12/17
Rogers,Ruth,R,61,1960/05/22
Rogers,Clark,R,28,1993/05/19
Ernest,Wanda,E,47,1974/02/08
Perry,Clark,P,69,1952/05/09
Walker,Ralph,W,55,1967/03/16
Reed,Thomas,R,55,1966/12/09
Reed,Wanda,R,50,1971/08/21
Michelle,Clark,M,49,1973/05/13
Perry,Stephen,P,60,1962/02/15
Henry,Jackson,H,54,1968/03/06
Michelle,Roberts,M,22,1999/06/21
Jesse,Diaz,J,62,1960/12/01
Butler,Debra,B,85,1937/08/26
Simmons,Amanda,S,78,1943/10/19
Carolyn,Clark,C,19,2003/06/06
Walker,Jackson,W,48,1974/11/30
Perry,Scott,P,69,1952/12/19
Frank,Eric,F,68,1953/04/08
Theresa,Diaz,T,49,1973/09/29
Shirley,Debra,S,49,1973/09/27
Shirley,Amanda,S,27,1995/07/01
Randy,Long,R,42,1980/11/16
Randy,Jackson,R,27,1995/10/14
Walker,Diaz,W,71,1950/08/10
Simmons,Ralph,S,50,1972/03/14
Butler,Amanda,B,55,1967/09/15
Reed,Wanda,R,67,1954/07/11
Butler,Diaz,B,30,1992/08/27
Ernest,Scott,E,64,1957/10/20
Butler,Eric,B,75,1946/05/19
Shirley,Eric,S,56,1965/11/19
Simmons,Jackson,S,28,1994/03/28
Albert,Eric,A,46,1975/12/20
Shirley,Roberts,S,24,1997/05/09
Rogers,Wanda,R,55,1966/06/19
Rogers,Diaz,R,65,1956/08/24
Randy,Eric,R,90,1932/10/13
Perry,Wanda,P,65,1957/05/29
Walker,Scott,W,54,1967/08/23
Bruce,Ralph,B,55,1967/04/06
Frank,Roberts,F,75,1947/12/06
Theresa,Allen,T,80,1942/10/15
Simmons,Thomas,S,70,1952/05/26
Campbell,Eric,C,78,1943/10/07
Michelle,Ralph,M,27,1995/02/18
Bruce,Teresa,B,67,1955/07/28
Campbell,Clark,C,20,2002/12/25
Rogers,Clark,R,76,1946/04/05
Simmons,Amanda,S,83,1939/01/25
Simmons,Wanda,S,67,1955/06/04
Ernest,Thomas,E,55,1966/09/20
Shirley,Jean,S,59,1963/10/15
Cook,Allen,C,59,1963/03/27
Carolyn,Roberts,C,60,1962/07/27
Campbell,Ruth,C,78,1943/10/08
Bruce,Ruth,B,47,1975/11/25
Frank,Ralph,F,59,1963/08/30
Reed,Clark,R,20,2002/08/13
Theresa,Ruth,T,34,1988/05/28
Ernest,Jean,E,32,1990/06/16
Reed,Long,R,24,1997/10/19
Cook,Stephen,C,56,1965/09/11
Cook,Scott,C,56,1965/01/12
Theresa,Debra,T,39,1982/09/11
Simmons,Stephen,S,89,1932/11/19
Walker,Ruth,W,26,1996/05/05
Henry,Alexander,H,75,1946/02/23
Shirley,Amanda,S,78,1944/12/02
Butler,Stephen,B,37,1985/07/25
Henry,Diaz,H,66,1955/04/08
Simmons,Wanda,S,22,2000/05/30
Carolyn,Clark,C,60,1962/08/30
Shirley,Long,S,38,1983/08/09
Albert,Stephen,A,81,1941/04/30
Rogers,Roberts,R,61,1960/06/21
Henry,Long,H,27,1995/11/29
Randy,Eric,R,27,1995/04/30
Ernest,Ralph,E,38,1984/04/29
Shirley,Jean,S,85,1936/10/11
Patterson,Ralph,P,73,1949/05/28
Cook,Ralph,C,18,2003/11/10
Frank,Thomas,F,56,1965/03/20
Bruce,Roberts,B,58,1964/06/16
Bruce,Teresa,B,24,1998/05/27
Cook,Wanda,C,53,1968/03/11
Walker,Jean,W,28,1993/05/24
Carolyn,Gerald,C,53,1969/03/06
Henry,Harris,H,83,1938/12/21
Campbell,Thomas,C,87,1935/07/28
Campbell,Harris,C,62,1959/12/19
Albert,Jean,A,87,1935/06/27
Patterson,Debra,P,39,1983/06/30
Patterson,Long,P,71,1951/02/18
Butler,Debra,B,38,1984/05/14
Frank,Clark,F,47,1974/11/10
Bruce,Thomas,B,33,1989/11/02
Shirley,Jean,S,63,1959/10/25
Reed,Clark,R,89,1933/10/01
Carolyn,Gerald,C,33,1989/05/28
Carolyn,Ralph,C,27,1994/12/23
Campbell,Long,C,76,1946/11/13
Theresa,Eric,T,45,1976/04/23
Shirley,Thomas,S,49,1972/05/11
Simmons,Jackson,S,43,1978/03/09
Michelle,Ruth,M,39,1982/07/19
Albert,Ralph,A,38,1984/06/18
Butler,Thomas,B,70,1951/12/31
Simmons,Jackson,S,52,1969/08/20
Randy,Scott,R,29,1992/06/19
Jesse,Ruth,J,79,1942/07/09
Simmons,Teresa,S,43,1979/06/27
Ernest,Teresa,E,54,1967/09/20
Campbell,Jackson,C,54,1968/03/05
Walker,Thomas,W,27,1994/10/07
Henry,Roberts,H,71,1951/08/26
Bruce,Ralph,B,73,1948/02/24
Theresa,Debra,T,78,1944/12/16
Walker,Roberts,W,46,1976/07/05
Butler,Ruth,B,89,1933/02/04
Butler,Diaz,B,75,1946/11/11
Henry,Debra,H,88,1934/07/28
Butler,Ruth,B,83,1939/01/14
Bruce,Jean,B,82,1940/08/03
Campbell,Diaz,C,84,1938/08/27
Perry,Stephen,P,64,1958/02/15
Henry,Ruth,H,54,1968/11/13
Ernest,Diaz,E,53,1968/12/12
Perry,Jean,P,54,1968/12/28
Randy,Eric,R,58,1963/01/24
Ernest,Wanda,E,83,1939/11/06
Randy,Ralph,R,63,1958/11/22
Campbell,Teresa,C,90,1932/08/25
Reed,Wanda,R,85,1936/11/22
Frank,Alexander,F,45,1977/10/17
Carolyn,Roberts,C,62,1959/10/07
Cook,Eric,C,42,1980/05/14
Henry,Roberts,H,41,1980/12/08
Frank,Diaz,F,32,1989/04/08
Carolyn,Gerald,C,56,1965/04/10
Jesse,Long,J,47,1974/06/21
Albert,Gerald,A,87,1934/11/08
Randy,Jackson,R,71,1951/05/16
Carolyn,Gerald,C,76,1945/12/21
Ernest,Diaz,E,84,1937/08/31
Theresa,Clark,T,89,1932/07/23
Theresa,Scott,T,59,1962/11/12
Shirley,Alexander,S,32,1989/05/23
Carolyn,Roberts,C,83,1939/01/29
Frank,Amanda,F,88,1934/02/15
Cook,Jean,C,75,1946/10/12
Carolyn,Scott,C,31,1991/10/14
Walker,Stephen,W,85,1937/09/02
Simmons,Scott,S,34,1988/02/15
Campbell,Alexander,C,86,1935/04/21
Shirley,Jackson,S,48,1974/09/17
Theresa,Ruth,T,58,1963/07/07
Cook,Amanda,C,26,1996/12/06
Campbell,Gerald,C,43,1978/02/10
Campbell,Gerald,C,48,1974/12/05
Jesse,Roberts,J,73,1948/01/08
Ernest,Clark,E,41,1980/06/20
Cook,Ruth,C,23,1998/04/08
Patterson,Diaz,P,39,1983/04/18
Rogers,Wanda,R,76,1946/01/14
Patterson,Wanda,P,80,1941/06/11
Simmons,Ruth,S,88,1934/01/19
Michelle,Harris,M,21,2001/02/15
Frank,Debra,F,67,1954/04/22
Theresa,Gerald,T,65,1956/11/24
Theresa,Diaz,T,46,1976/04/03
Albert,Teresa,A,26,1996/10/28
Michelle,Gerald,M,75,1947/04/25
Henry,Roberts,H,25,1996/10/22
Perry,Jean,P,29,1992/05/24
Shirley,Harris,S,21,2001/11/03
Albert,Ruth,A,72,1950/03/03
Henry,Diaz,H,24,1997/10/21
Frank,Gerald,F,69,1953/04/15
Butler,Long,B,59,1963/06/02
Frank,Wanda,F,69,1952/09/23
Butler,Jean,B,78,1943/10/24
Michelle,Long,M,50,1971/01/21
Michelle,Scott,M,90,1932/11/29
Reed,Ruth,R,31,1991/08/02
Cook,Eric,C,17,2004/04/11
Patterson,Clark,P,84,1938/05/18
Rogers,Clark,R,56,1966/01/27
Cook,Stephen,C,19,2002/11/11
Perry,Debra,P,21,2000/04/21
Randy,Ruth,R,50,1972/07/06
Butler,Stephen,B,73,1948/08/24
Butler,Eric,B,54,1968/10/25
Henry,Alexander,H,37,1985/12/14
Butler,Clark,B,43,1978/05/07
Jesse,Teresa,J,75,1947/03/03
Rogers,Long,R,25,1997/02/17
Jesse,Diaz,J,48,1974/11/16
Butler,Jean,B,85,1937/07/18
Shirley,Allen,S,50,1971/07/21
Simmons,Roberts,S,23,1998/04/21
Henry,Clark,H,21,2001/05/25
Rogers,Clark,R,39,1982/05/10
Shirley,Amanda,S,71,1951/04/05
Butler,Diaz,B,76,1946/02/19
Henry,Eric,H,70,1952/12/26
Carolyn,Stephen,C,50,1972/02/06
Albert,Teresa,A,45,1977/08/05
Butler,Roberts,B,54,1968/05/05
Rogers,Diaz,R,88,1933/04/22
Campbell,Scott,C,39,1983/11/04
Theresa,Jackson,T,48,1974/06/25
Walker,Ruth,W,37,1985/03/17
Walker,Jackson,W,71,1950/10/11
Frank,Alexander,F,23,1998/05/10
Albert,Clark,A,57,1965/01/19
Frank,Stephen,F,59,1962/11/21
Campbell,Eric,C,67,1954/08/24
Frank,Harris,F,40,1982/09/03
Simmons,Clark,S,62,1960/04/17
Reed,Scott,R,80,1942/05/29
Jesse,Allen,J,77,1944/08/21
Campbell,Scott,C,69,1952/07/24
Rogers,Harris,R,67,1955/12/03
Theresa,Jean,T,37,1984/05/19
Ernest,Jean,E,77,1945/12/28
Cook,Long,C,19,2003/04/16
Butler,Teresa,B,71,1951/03/17
Randy,Stephen,R,29,1993/04/18
Butler,Harris,B,42,1980/04/03
Jesse,Allen,J,83,1938/03/21
Randy,Alexander,R,81,1941/08/06
Rogers,Debra,R,69,1953/02/16
Butler,Scott,B,79,1943/08/03
Shirley,Jean,S,55,1967/04/17
Walker,Long,W,21,2001/07/05
Michelle,Allen,M,31,1991/01/04
Rogers,Roberts,R,72,1950/04/02
Michelle,Thomas,M,31,1990/09/09
Shirley,Jackson,S,42,1979/07/20
Campbell,Roberts,C,18,2004/02/13
Campbell,Clark,C,66,1956/02/29
Henry,Teresa,H,56,1965/08/24
Cook,Allen,C,73,1948/06/19
Michelle,Ralph,M,65,1957/11/03
Butler,Jean,B,19,2003/02/01
Jesse,Alexander,J,90,1932/11/04
Shirley,Jean,S,40,1982/07/05
Shirley,Stephen,S,54,1967/02/23
